City_ID,City,Country,Lat,Lng,Max Temp,Humidity,Cloudiness,Wind Speed,Current Description
0,Clyde River,CA,70.4692,-68.5914,-4.0,77,90,10.36,overcast clouds
1,Punta Arenas,CL,-53.15,-70.9167,51.8,46,0,6.91,clear sky
2,New Norfolk,AU,-42.7826,147.0587,55.99,59,68,1.01,broken clouds
3,Rikitea,PF,-23.1203,-134.9692,79.2,73,3,15.55,clear sky
4,Jamestown,US,42.097,-79.2353,42.01,75,90,22.82,overcast clouds
5,Borger,NL,52.9233,6.7931,48.99,84,98,5.01,overcast clouds
6,Esperance,AU,-33.8667,121.9,66.2,72,0,12.66,clear sky
7,Ushuaia,AR,-54.8,-68.3,46.4,61,75,14.97,broken clouds
8,Khatanga,RU,71.9667,102.5,-3.96,98,100,6.87,overcast clouds
9,Kerikeri,NZ,-35.2268,173.9474,66.99,97,88,1.99,moderate rain
10,Bluff,NZ,-46.6,168.3333,59.0,98,85,8.99,overcast clouds
11,Atuona,PF,-9.8,-139.0333,80.91,74,98,17.13,overcast clouds
12,Shache,CN,38.4167,77.2406,54.79,45,100,5.26,overcast clouds
13,Belaya Gora,RU,68.5333,146.4167,1.24,92,79,3.44,broken clouds
14,Yellowknife,CA,62.456,-114.3525,26.6,43,75,17.27,broken clouds
15,Fairbanks,US,64.8378,-147.7164,19.0,48,1,3.44,clear sky
16,Bozeman,US,45.6796,-111.0386,64.4,17,1,31.07,clear sky
17,Caronport,CA,50.4501,-105.8179,62.6,23,44,14.97,scattered clouds
18,Kapaa,US,22.0752,-159.319,77.0,65,90,18.41,light rain
19,Arraial Do Cabo,BR,-22.9661,-42.0278,80.6,83,0,8.05,clear sky
20,Vaini,TO,-21.2,-175.2,84.2,79,40,10.36,scattered clouds
21,Acapulco,MX,16.8634,-99.8901,86.0,62,1,9.22,clear sky
22,Narsaq,GL,60.9167,-46.05,21.2,63,0,5.75,clear sky
23,Hermanus,ZA,-34.4187,19.2345,66.0,76,100,8.99,overcast clouds
24,Aswan,EG,24.0934,32.907,63.57,25,0,16.22,clear sky
25,Pevek,RU,69.7008,170.3133,-13.18,96,70,3.22,broken clouds
26,Qaanaaq,GL,77.484,-69.3632,-20.13,77,66,6.02,broken clouds
27,Port Alfred,ZA,-33.5906,26.891,65.37,78,100,19.57,overcast clouds
28,Mpulungu,ZM,-8.7623,31.1141,71.44,71,96,4.23,overcast clouds
29,Albany,US,42.6001,-73.9662,53.01,83,100,1.99,moderate rain
30,Saint Anthony,US,45.0205,-93.218,46.0,33,1,13.8,clear sky
31,Leningradskiy,RU,69.3833,178.4167,-5.33,92,100,5.26,overcast clouds
32,Yafran,LY,32.0633,12.5286,58.32,22,12,9.86,few clouds
33,Rio De Janeiro,BR,-22.9028,-43.2075,84.2,89,0,12.66,clear sky
34,Livingstonia,MW,-10.606,34.1063,62.8,89,94,5.17,light rain
35,Castro,BR,-24.7911,-50.0119,65.52,89,100,4.36,overcast clouds
36,Busselton,AU,-33.65,115.3333,61.66,71,11,6.38,few clouds
37,Sitka,US,57.0531,-135.33,39.2,60,20,18.41,few clouds
38,Henties Bay,NA,-22.116,14.2845,61.0,91,0,1.99,clear sky
39,Hami,CN,42.8,93.45,57.87,24,85,8.14,overcast clouds
40,Nyzhni Sirohozy,UA,46.8484,34.3804,40.75,76,27,7.05,scattered clouds
41,Bredasdorp,ZA,-34.5322,20.0403,60.8,88,100,11.5,overcast clouds
42,San Rafael,AR,-34.6177,-68.3301,67.26,33,0,9.24,clear sky
43,Batagay-Alyta,RU,67.8006,130.4114,-1.89,85,93,4.03,overcast clouds
44,Port Elizabeth,ZA,-33.918,25.5701,62.6,82,40,10.36,scattered clouds
45,Kuopio,FI,62.8924,27.677,33.8,86,0,12.66,clear sky
46,Fortuna,US,40.5982,-124.1573,57.0,87,1,14.97,clear sky
47,Dingle,PH,10.9995,122.6711,78.17,85,100,6.38,overcast clouds
48,Margate,GB,51.3813,1.3862,50.0,70,95,10.0,overcast clouds
49,Tuktoyaktuk,CA,69.4541,-133.0374,-13.0,77,90,13.8,snow
50,Mar Del Plata,AR,-38.0023,-57.5575,66.2,82,20,10.36,few clouds
51,Zhigansk,RU,66.7697,123.3711,3.09,100,100,4.63,overcast clouds
52,Siguatepeque,HN,14.6,-87.8333,75.2,41,20,9.22,few clouds
53,Dikson,RU,73.5069,80.5464,-26.64,100,96,7.4,overcast clouds
54,Grindavik,IS,63.8424,-22.4338,28.4,100,90,16.11,light snow
55,Torbay,CA,47.6666,-52.7314,24.8,74,75,4.61,broken clouds
56,Pangai,TO,-19.8,-174.35,84.2,79,20,17.27,few clouds
57,Derzhavinsk,KZ,51.1,66.3167,13.23,95,13,9.33,few clouds
58,Bengkulu,ID,-3.8004,102.2655,76.42,89,99,0.87,overcast clouds
59,Mataura,NZ,-46.1927,168.8643,59.0,98,37,8.99,scattered clouds
60,Mochudi,BW,-24.4167,26.15,68.0,68,0,9.22,clear sky
61,Kandrian,PG,-6.2167,149.55,82.33,80,100,4.74,light rain
62,Tasiilaq,GL,65.6145,-37.6368,19.4,49,48,12.66,scattered clouds
63,Sao Filipe,CV,14.8961,-24.4956,69.96,73,58,16.82,broken clouds
64,Puerto Ayora,EC,-0.7393,-90.3518,82.4,78,20,11.5,few clouds
65,Port Hedland,AU,-20.3167,118.5667,78.8,69,24,9.01,few clouds
66,Tiksi,RU,71.6872,128.8694,3.67,95,100,1.74,overcast clouds
67,Kirakira,SB,-10.4544,161.9205,85.57,69,60,5.77,broken clouds
68,Saint-Philippe,RE,-21.3585,55.7679,77.0,78,0,6.91,clear sky
69,Avarua,CK,-21.2078,-159.775,84.2,74,90,20.71,overcast clouds
70,Biltine,TD,14.5333,20.9167,73.33,11,12,18.81,few clouds
71,Butaritari,KI,3.0707,172.7902,81.5,76,84,14.16,light rain
72,Caravelas,BR,-17.7125,-39.2481,78.04,75,0,7.4,clear sky
73,Garut,ID,-7.2024,107.8878,67.95,92,100,2.13,overcast clouds
74,Broken Hill,AU,-31.95,141.4333,60.8,55,2,11.5,clear sky
75,Dargaville,NZ,-35.9333,173.8833,69.85,85,86,6.06,light rain
76,Vostok,RU,46.4856,135.8833,34.99,91,100,4.12,light snow
77,Turinsk,RU,58.0458,63.696,27.41,87,93,11.83,overcast clouds
78,Fukue,JP,32.6881,128.8419,61.11,76,0,9.89,clear sky
79,Umba,RU,66.6871,34.3429,34.0,98,91,7.43,overcast clouds
80,College,US,64.8569,-147.8028,18.0,57,75,4.61,broken clouds
81,Georgetown,MY,5.4112,100.3354,80.01,94,20,1.14,few clouds
82,Usinsk,RU,65.9939,57.5281,20.84,96,99,7.47,light snow
83,Hobart,AU,-42.8794,147.3294,57.2,38,40,14.97,scattered clouds
84,Ngunguru,NZ,-35.6167,174.5,66.99,97,87,1.99,overcast clouds
85,Lompoc,US,34.6391,-120.4579,70.0,67,1,16.11,clear sky
86,Rawson,AR,-43.3002,-65.1023,60.82,80,62,13.6,broken clouds
87,Saldanha,ZA,-33.0117,17.9442,68.0,52,100,3.44,overcast clouds
88,Wairoa,NZ,-39.0333,177.3667,66.99,83,100,1.99,moderate rain
89,Balaipungut,ID,1.05,101.2833,73.4,94,40,2.17,scattered clouds
90,Port Macquarie,AU,-31.4333,152.9167,71.01,79,14,3.67,few clouds
91,Kaeo,NZ,-35.1,173.7833,66.99,97,82,1.99,light rain
92,Saint-Francois,FR,46.4154,3.9054,42.01,81,0,3.44,clear sky
93,Thompson,CA,55.7435,-97.8558,28.4,46,90,4.61,snow
94,Dubai,AE,25.2582,55.3047,75.2,73,0,5.75,clear sky
95,Phan Thiet,VN,10.9333,108.1,73.67,90,53,5.03,broken clouds
96,Hithadhoo,MV,-0.6,73.0833,78.66,87,100,33.6,moderate rain
97,Hilo,US,19.7297,-155.09,71.6,78,90,4.61,moderate rain
98,Bethel,US,41.3712,-73.414,57.0,97,100,1.01,overcast clouds
99,Ostrovnoy,RU,68.0531,39.5131,35.51,97,100,11.41,overcast clouds
100,Sale,MA,34.0389,-6.8166,62.01,82,75,14.16,broken clouds
101,Ribeira Grande,PT,38.5167,-28.7,60.8,82,40,13.8,scattered clouds
102,Carnarvon,AU,-24.8667,113.6333,71.6,94,40,5.75,scattered clouds
103,Dubasari,MD,47.2631,29.1608,41.0,81,75,18.41,broken clouds
104,Airai,TL,-8.9266,125.4092,60.82,97,100,2.93,heavy intensity rain
105,Halifax,CA,44.6453,-63.5724,35.6,93,90,13.8,overcast clouds
106,Les Cayes,HT,18.2,-73.75,79.41,67,9,8.77,clear sky
107,Mackenzie,CA,55.2999,-123.1698,33.8,55,90,11.5,light snow
108,Riviere-Au-Renard,CA,48.9957,-64.3971,26.6,74,90,13.8,overcast clouds
109,Owando,CG,-0.4819,15.8999,71.46,90,97,3.02,overcast clouds
110,Saint-Joseph,RE,-21.3667,55.6167,77.0,78,0,6.91,clear sky
111,Port Hueneme,US,34.1478,-119.1951,78.8,52,1,13.8,clear sky
112,Rosetown,CA,51.5501,-108.0014,62.6,25,11,19.57,few clouds
113,Kysyl-Syr,RU,63.8986,122.7617,13.84,97,93,3.49,overcast clouds
114,Coquimbo,CL,-29.9533,-71.3436,60.8,72,0,9.22,clear sky
115,Adrar,MR,20.5022,-10.0711,80.51,8,82,9.37,broken clouds
116,Inuvik,CA,68.3499,-133.7218,-5.8,59,89,6.91,overcast clouds
117,San-Pedro,CI,4.7485,-6.6363,77.68,91,100,4.5,overcast clouds
118,Suntar,RU,62.1444,117.6319,7.99,97,85,3.47,overcast clouds
119,Severo-Kurilsk,RU,50.6789,156.125,29.64,70,6,7.9,clear sky
120,Jiayuguan,CN,39.8167,98.3,42.1,51,42,5.57,scattered clouds
121,Avera,US,33.194,-82.5271,64.4,85,90,6.91,overcast clouds
122,Saint George,US,37.1041,-113.5841,71.6,17,1,9.22,clear sky
123,Grand Gaube,MU,-20.0064,57.6608,77.0,81,3,3.0,clear sky
124,Gisborne,NZ,-38.6533,178.0042,66.99,83,89,1.99,overcast clouds
125,Padang,ID,-0.9492,100.3543,73.4,100,40,1.14,scattered clouds
126,Bell Ville,AR,-32.6259,-62.6887,63.0,82,16,4.92,few clouds
127,Cape Town,ZA,-33.9258,18.4232,66.99,72,0,4.61,clear sky
128,Amapa,BR,1.0,-52.0,72.18,98,100,2.35,overcast clouds
129,Coihaique,CL,-45.5752,-72.0662,60.8,67,40,3.44,scattered clouds
130,East London,ZA,-33.0153,27.9116,65.39,77,100,13.31,overcast clouds
131,Kodiak,US,57.79,-152.4072,42.8,26,1,5.75,clear sky
132,Naze,JP,28.3667,129.4833,66.2,94,75,3.44,broken clouds
133,Boke,GN,10.9409,-14.2967,72.81,84,0,4.27,clear sky
134,Nagua,DO,19.3832,-69.8474,80.6,78,40,4.61,scattered clouds
135,Salalah,OM,17.0151,54.0924,77.0,53,0,3.44,clear sky
136,Nikel,RU,69.4128,30.222,33.8,80,88,12.66,overcast clouds
137,Cockburn Town,TC,21.4612,-71.1419,78.8,73,40,19.57,scattered clouds
138,Sambava,MG,-14.2667,50.1667,76.91,90,100,2.82,light rain
139,Roebourne,AU,-20.7833,117.1333,86.59,47,73,8.48,broken clouds
140,Saskylakh,RU,71.9167,114.0833,-4.13,99,98,2.91,overcast clouds
141,Barrow,US,71.2906,-156.7887,-16.6,69,20,12.66,haze
142,Mega,ET,4.05,38.3,63.41,61,100,5.93,overcast clouds
143,Puerto Colombia,CO,10.9878,-74.9547,84.2,65,20,14.97,few clouds
144,Huarmey,PE,-10.0681,-78.1522,72.21,80,100,9.35,overcast clouds
145,Pisco,PE,-13.7,-76.2167,73.4,68,0,21.85,clear sky
146,Lebu,CL,-37.6167,-73.65,56.91,91,0,11.65,clear sky
147,Severnoye,RU,56.3491,78.3619,26.78,97,100,3.4,light snow
148,Monteagudo,BO,-19.8167,-63.9833,68.0,83,90,2.26,overcast clouds
149,Santa Cruz,BO,-17.8,-63.1667,77.0,57,40,8.05,scattered clouds
150,Maralal,KE,1.0968,36.698,60.67,72,90,4.03,overcast clouds
151,Victoria,HK,22.2855,114.1577,75.99,87,23,6.98,few clouds
152,Marrakesh,MA,31.6315,-8.0083,68.0,37,75,4.61,broken clouds
153,Kumluca,TR,36.3703,30.2869,54.23,55,27,4.99,scattered clouds
154,Barranca,PE,-10.75,-77.7667,70.84,79,87,7.92,overcast clouds
155,Na Klang,TH,17.3072,102.1889,82.99,78,82,2.37,broken clouds
156,Boulogne-Sur-Mer,FR,50.75,1.8333,48.0,93,0,4.61,clear sky
157,Chuy,UY,-33.6971,-53.4616,64.31,91,54,5.19,broken clouds
158,Sao Lourenco Do Sul,BR,-31.3653,-51.9783,68.0,93,40,10.18,light rain
159,Kaitangata,NZ,-46.2817,169.8464,64.96,64,49,4.54,scattered clouds
160,Isangel,VU,-19.55,169.2667,80.6,78,40,3.44,scattered clouds
161,Norman Wells,CA,65.282,-126.8329,-0.4,55,75,16.11,broken clouds
162,Spornoye,RU,50.8448,37.2913,35.6,69,0,4.47,clear sky
163,Poum,NC,-20.2333,164.0167,80.69,74,13,6.49,few clouds
164,Lasa,IT,46.6166,10.7002,46.99,64,0,5.75,clear sky
165,Iranshahr,IR,27.2025,60.6848,80.6,18,64,6.91,broken clouds
166,Souillac,MU,-20.5167,57.5167,75.2,88,20,6.91,few clouds
167,Vila Velha,BR,-20.3297,-40.2925,77.0,83,0,3.44,clear sky
168,Orlik,RU,52.5178,99.825,9.27,86,100,1.19,overcast clouds
169,Zofingen,CH,47.2878,7.9459,44.01,70,40,2.84,scattered clouds
170,Vestmanna,FO,62.1564,-7.1664,41.0,93,40,13.8,scattered clouds
171,Khasan,RU,42.4308,130.6434,43.72,71,85,9.86,overcast clouds
172,Doha,QA,25.2867,51.5333,69.8,49,0,12.66,clear sky
173,Iracoubo,GF,5.4802,-53.2011,77.74,83,96,14.23,overcast clouds
174,Baruun-Urt,MN,46.6806,113.2792,25.68,51,4,5.88,clear sky
175,Moncao,PT,42.0789,-8.4808,62.6,48,0,8.05,clear sky
176,Bambous Virieux,MU,-20.3428,57.7575,77.0,88,20,6.91,few clouds
177,Touros,BR,-5.1989,-35.4608,80.6,83,20,5.75,few clouds
178,Saint-Pierre,RE,-21.3393,55.4781,77.0,78,0,6.91,clear sky
179,Lewisporte,CA,49.2499,-55.0482,26.6,68,20,5.75,few clouds
180,Garden City,US,42.3256,-83.331,44.6,75,90,17.27,overcast clouds
181,Svetlaya,RU,46.5389,138.3297,32.99,97,100,19.46,light snow
182,Ilulissat,GL,69.2167,-51.1,-9.4,41,0,1.14,clear sky
183,Palaikastron,GR,35.2,26.25,54.0,70,0,11.14,clear sky
184,Camacha,PT,33.0833,-16.3333,62.6,88,40,6.91,scattered clouds
185,Parana,AR,-31.732,-60.5238,66.99,82,86,1.99,overcast clouds
186,Khandyga,RU,62.6667,135.6,11.79,96,97,0.81,overcast clouds
187,Longyearbyen,SJ,78.2186,15.6401,28.4,80,20,11.5,few clouds
188,Chumikan,RU,54.7183,135.315,21.58,93,100,11.27,light snow
189,Guanica,PR,17.9716,-66.908,79.0,70,10,1.99,clear sky
190,Rochegda,RU,62.8,43.25,31.14,85,92,5.32,overcast clouds
191,Kawalu,ID,-7.3817,108.2082,71.8,96,98,1.32,overcast clouds
192,Yumen,CN,40.2833,97.2,42.82,51,38,9.55,scattered clouds
193,Ahipara,NZ,-35.1667,173.1667,70.83,83,46,7.54,light rain
194,Bilibino,RU,68.0546,166.4372,-7.98,88,64,2.06,broken clouds
195,Sur,OM,22.5667,59.5289,83.07,37,92,6.91,overcast clouds
196,Vila Do Maio,CV,15.1333,-23.2167,68.0,77,75,24.16,broken clouds
197,Komsomolskiy,UZ,40.4272,71.7189,50.0,71,75,23.02,heavy intensity rain
198,Joshimath,IN,30.5667,79.5667,53.08,60,26,3.06,scattered clouds
199,Vila Franca Do Campo,PT,37.7167,-25.4333,60.8,72,75,9.22,broken clouds
200,Upernavik,GL,72.7868,-56.1549,-23.87,79,23,4.5,few clouds
201,Muisne,EC,0.6,-80.0333,82.4,78,90,5.75,light rain
202,Aksarka,RU,66.5606,67.7975,-20.15,100,74,4.07,broken clouds
203,Cuiluan,CN,47.72,128.648,37.27,98,100,2.86,overcast clouds
204,Sokoto,NG,13.0609,5.239,77.04,13,0,12.1,clear sky
205,Jintur,IN,19.6167,76.7,82.17,14,7,1.23,clear sky
206,Jammalamadugu,IN,14.8333,78.4,78.75,59,64,5.7,broken clouds
207,Puerto Baquerizo Moreno,EC,-0.9,-89.6,80.6,89,20,6.91,few clouds
208,Skibbereen,IE,51.55,-9.2667,51.8,93,90,28.77,overcast clouds
209,Puerto Leguizamo,CO,-0.1934,-74.7819,73.53,96,97,4.32,moderate rain
210,Bonavista,CA,48.6499,-53.1147,27.0,74,38,1.14,scattered clouds
211,Achinsk,RU,56.2694,90.4993,27.77,95,100,4.81,overcast clouds
212,Guayaramerin,BO,-10.8368,-65.3614,73.92,97,96,1.23,moderate rain
213,Manbij,SY,36.5281,37.9549,39.2,70,0,8.12,clear sky
214,Ardmore,US,34.1743,-97.1436,70.0,24,1,8.05,clear sky
215,Mattru,SL,7.6244,-11.8332,78.04,87,51,2.42,light rain
216,Fort Nelson,CA,58.8053,-122.7002,12.2,85,90,16.11,snow
217,Lata,PT,40.1629,-8.3327,57.2,62,0,3.67,clear sky
218,San Jose,US,37.3394,-121.895,80.01,17,20,14.97,few clouds
219,Kalmunai,LK,7.4167,81.8167,77.18,79,93,4.92,overcast clouds
220,Lagoa,PT,39.05,-27.9833,59.56,81,100,16.31,overcast clouds
221,Ketchikan,US,55.3422,-131.6461,42.8,61,90,14.97,overcast clouds
222,Ruteng,ID,-8.6136,120.4721,64.2,91,100,1.5,overcast clouds
223,Itarema,BR,-2.9248,-39.9167,77.09,83,6,5.35,clear sky
224,Mbekenyera,TZ,-10.0,38.9833,70.34,94,67,2.44,broken clouds
225,Flinders,AU,-34.5833,150.8552,64.0,85,3,1.01,clear sky
226,Irbit,RU,57.6705,63.071,27.16,85,68,10.92,broken clouds
227,Prince Rupert,CA,54.3161,-130.3201,42.8,56,75,14.97,broken clouds
228,Itanhem,BR,-17.1664,-40.33,75.13,72,4,7.58,clear sky
229,Nikolskoye,RU,59.7035,30.7861,39.99,87,90,2.24,light rain
230,Nogales,MX,31.3086,-110.9422,79.0,11,1,16.11,clear sky
231,Zyryanovsk,KZ,49.7386,84.2719,33.46,99,100,2.89,snow
232,Gladstone,AU,-23.85,151.25,78.8,65,10,5.75,light rain
233,Viedma,AR,-40.8135,-62.9967,65.32,29,96,2.8,overcast clouds
234,Klaksvik,FO,62.2266,-6.589,41.0,93,40,13.8,scattered clouds
235,Sierra Vista,US,31.5545,-110.3037,71.6,10,1,13.8,clear sky
236,Hailar,CN,49.2,119.7,30.04,71,100,19.39,overcast clouds
237,Agar,IN,23.7,76.0167,79.61,18,5,10.85,clear sky
238,Tiznit,MA,29.5833,-9.5,63.32,52,38,5.37,scattered clouds
239,Gizo,SB,-8.103,156.8419,84.36,69,46,7.43,scattered clouds
240,Dondaicha,IN,21.3333,74.5667,82.94,25,7,13.18,clear sky
241,Parabel,RU,58.6978,81.4825,20.16,94,100,8.5,overcast clouds
242,Nanortalik,GL,60.1432,-45.2371,23.16,69,1,15.52,clear sky
243,Morehead,US,37.2711,-87.1764,54.0,28,75,13.8,broken clouds
244,Namtsy,RU,62.7161,129.6658,-2.2,78,40,2.24,scattered clouds
245,Constitucion,CL,-35.3333,-72.4167,58.12,67,0,0.85,clear sky
246,Lavrentiya,RU,65.5833,-171.0,11.37,93,100,19.64,light snow
247,Adre,TD,13.4667,22.2,70.5,12,53,20.38,broken clouds
248,Katsuura,JP,35.1333,140.3,62.01,88,75,3.44,broken clouds
249,Port Hardy,CA,50.6996,-127.4199,41.0,81,75,16.11,light rain
250,Yeppoon,AU,-23.1333,150.7333,77.0,73,43,8.05,scattered clouds
251,Ulaangom,MN,49.9811,92.0667,17.58,87,100,5.08,overcast clouds
252,Zorritos,PE,-3.6805,-80.6782,82.4,69,75,5.75,broken clouds
253,Beloha,MG,-25.1667,45.05,69.42,89,8,3.47,light rain
254,Carauari,BR,-4.8828,-66.8958,74.61,97,74,0.43,broken clouds
255,Eureka,US,40.8021,-124.1637,57.99,70,3,5.01,clear sky
256,Sayyan,YE,15.1718,44.3244,52.81,41,6,2.1,clear sky
257,Hosanagara,IN,13.9167,75.0667,70.72,96,91,3.56,overcast clouds
258,Statesboro,US,32.4488,-81.7832,84.2,83,90,14.97,overcast clouds
259,Tuatapere,NZ,-46.1333,167.6833,59.0,98,78,8.99,broken clouds
260,Lhokseumawe,ID,5.1801,97.1507,77.04,83,100,2.68,overcast clouds
261,Qeshm,IR,26.9581,56.2719,75.2,83,100,4.61,mist
262,Batagay,RU,67.6333,134.6333,3.58,96,100,2.19,overcast clouds
263,Rocha,UY,-34.4833,-54.3333,62.22,95,74,5.28,broken clouds
264,Atar,MR,20.5169,-13.0499,77.97,24,84,7.7,broken clouds
265,Imbituba,BR,-28.24,-48.6703,78.8,89,75,2.3,broken clouds
266,Along,IN,28.1667,94.7667,58.5,40,1,1.79,clear sky
267,Pandan,PH,14.0453,124.1694,79.81,84,100,6.4,overcast clouds
268,Forrest City,US,35.0081,-90.7898,60.8,36,1,10.36,clear sky
269,Santa Fe,AR,-31.6333,-60.7,66.99,76,86,1.99,overcast clouds
270,Tessalit,ML,20.1986,1.0114,72.39,10,0,14.63,clear sky
271,Mulbagal,IN,13.1667,78.4,67.1,86,95,4.41,overcast clouds
272,Kendari,ID,-3.945,122.4989,74.73,91,97,3.0,overcast clouds
273,Beringovskiy,RU,63.05,179.3167,14.72,92,100,17.87,light snow
274,Faanui,PF,-16.4833,-151.75,82.4,73,50,20.83,light rain
275,Saint-Georges,GD,12.0564,-61.7485,80.6,78,75,19.57,broken clouds
276,Raudeberg,NO,61.9875,5.1352,43.0,74,88,22.3,overcast clouds
277,Jalingo,NG,8.8833,11.3667,82.51,17,14,4.34,few clouds
278,Palauig,PH,15.435,119.9045,80.47,74,97,2.98,overcast clouds
279,Chulman,RU,56.8479,124.9104,20.66,95,100,3.4,light snow
280,Camana,PE,-16.6228,-72.7111,71.98,82,73,7.4,broken clouds
281,Axim,GH,4.8699,-2.2405,79.07,87,10,7.38,clear sky
282,Polson,US,47.6936,-114.1632,57.99,34,100,8.99,overcast clouds
283,Dunedin,NZ,-45.8742,170.5036,64.15,66,33,3.67,scattered clouds
284,Moreira Sales,BR,-24.0622,-53.0069,71.98,86,8,3.31,clear sky
285,Cidreira,BR,-30.1811,-50.2056,73.58,82,36,6.17,scattered clouds
286,Udarnyy,RU,54.3409,42.8611,25.38,94,29,3.76,scattered clouds
287,San Marcos,US,33.1434,-117.1661,86.0,19,1,11.5,clear sky
288,Kaharlyk,UA,49.8623,30.8282,44.6,65,0,8.95,clear sky
289,Brigg,GB,53.552,-0.4921,55.4,76,90,25.32,overcast clouds
290,Moron,AR,-34.6534,-58.6198,72.0,73,40,4.61,light rain
291,Barquisimeto,VE,10.0739,-69.3228,74.84,75,98,6.38,overcast clouds
292,Bayan,CN,46.0833,127.4,39.0,58,89,11.41,overcast clouds
293,Voh,NC,-20.9667,164.7,87.1,57,14,4.12,few clouds
294,Vardo,NO,70.3705,31.1107,35.6,69,40,6.91,scattered clouds
295,Cuauhtemoc,MX,28.4167,-106.8667,63.0,21,1,5.99,clear sky
296,Cabra,ES,37.4725,-4.4421,57.99,68,98,2.98,overcast clouds
297,Valparaiso,CL,-33.0393,-71.6273,62.6,82,0,4.61,clear sky
298,Madang,PG,-5.2246,145.7966,80.26,84,100,2.26,overcast clouds
299,Cap Malheureux,MU,-19.9842,57.6142,77.0,81,3,3.0,clear sky
300,Carora,VE,10.1755,-70.0827,80.65,59,100,13.91,overcast clouds
301,Aanekoski,FI,62.6946,25.818,35.6,75,40,11.5,scattered clouds
302,Mahebourg,MU,-20.4081,57.7,75.2,88,20,6.91,few clouds
303,Haines Junction,CA,60.7522,-137.5108,24.8,24,10,6.91,clear sky
304,Torbat-E Jam,IR,35.244,60.6225,41.36,65,89,8.37,overcast clouds
305,Keelung,TW,25.1283,121.7419,75.0,100,75,4.61,mist
306,Fallon,US,39.4735,-118.7774,73.99,8,1,8.05,clear sky
307,Comodoro Rivadavia,AR,-45.8667,-67.5,59.0,72,0,12.66,clear sky
308,Dayong,CN,25.0209,118.2898,68.0,83,90,6.71,overcast clouds
309,Boyolangu,ID,-8.1181,111.8935,75.25,90,66,0.49,broken clouds
310,Geraldton,AU,-28.7667,114.6,64.4,82,14,5.75,few clouds
311,Lazaro Cardenas,MX,17.9583,-102.2,81.36,55,2,9.51,clear sky
312,Lahij,YE,13.1667,44.5833,73.63,41,6,1.05,clear sky
313,Sioux Falls,US,43.55,-96.7003,53.6,37,75,16.11,broken clouds
314,Cherskiy,RU,68.75,161.3,-1.98,85,99,3.2,overcast clouds
315,Provideniya,RU,64.3833,-173.3,15.12,88,100,21.7,light snow
316,Nyurba,RU,63.2842,118.3319,10.33,97,90,3.94,overcast clouds
317,Lundazi,ZM,-12.2929,33.1782,63.03,94,100,7.14,overcast clouds
318,Kamennomostskiy,RU,44.2983,40.1856,34.65,74,10,4.47,clear sky
319,Kem,RU,64.9555,34.5793,33.42,95,98,7.52,overcast clouds
320,Coos Bay,US,43.3665,-124.2179,51.01,87,90,13.8,mist
321,Ajdabiya,LY,30.7554,20.2263,58.51,52,90,9.46,overcast clouds
322,Walvis Bay,NA,-22.9575,14.5053,61.0,88,0,4.61,clear sky
323,Havelock,US,34.8791,-76.9013,71.01,77,100,10.0,overcast clouds
324,Caracuaro,MX,19.0106,-101.1264,98.91,10,38,5.7,scattered clouds
325,Lichinga,MZ,-13.3128,35.2406,64.0,100,75,12.66,broken clouds
326,Port Blair,IN,11.6667,92.75,80.15,76,60,1.74,broken clouds
327,Policarpa,CO,1.6323,-77.462,70.54,93,90,3.78,moderate rain
328,Raymond,US,43.9015,-70.4703,39.99,97,100,1.01,moderate rain
329,Alpoyeca,MX,17.6667,-98.5167,97.03,12,1,2.62,clear sky
330,Jackson,US,42.4165,-122.8345,73.4,17,1,17.27,clear sky
331,Mitchell,US,43.7094,-98.0298,60.8,29,1,13.8,clear sky
332,Krasnoarmeysk,RU,51.0239,45.6969,33.01,94,95,5.99,light snow
333,Ofaqim,IL,31.3141,34.6203,54.0,66,0,5.84,clear sky
334,Bud,US,39.447,-86.1758,45.0,56,78,16.31,broken clouds
335,Arani,IN,12.6667,79.2833,75.47,92,56,5.35,broken clouds
336,Oriximina,BR,-1.7656,-55.8661,75.81,92,27,2.77,scattered clouds
337,Surt,LY,31.2089,16.5887,59.2,61,34,11.32,scattered clouds
338,San Patricio,US,28.017,-97.5169,62.6,59,75,13.8,broken clouds
339,Dharchula,IN,29.85,80.5333,58.82,40,30,6.76,scattered clouds
340,Nanchang,CN,28.6833,115.8833,65.26,87,12,2.17,few clouds
341,Pangkalanbuun,ID,-2.6833,111.6167,74.28,97,95,0.47,light rain
342,Aykhal,RU,66.0,111.5,9.25,99,100,5.28,overcast clouds
343,Namibe,AO,-15.1961,12.1522,74.05,74,40,2.66,light rain
344,Aklavik,CA,68.2191,-135.0107,-5.8,59,44,6.91,scattered clouds
345,Varnsdorf,CZ,50.9115,14.6182,48.0,67,99,3.0,overcast clouds
346,Samarai,PG,-10.6167,150.6667,83.41,77,91,11.48,overcast clouds
347,Buala,SB,-8.145,159.5921,84.27,72,18,8.03,light rain
348,Synya,RU,65.3718,58.0387,22.42,97,100,2.3,light snow
349,Basco,PH,20.4487,121.9702,78.57,78,20,3.02,few clouds
350,Visby,SE,57.6409,18.296,41.0,93,90,20.71,moderate rain
351,Alice Springs,AU,-23.7,133.8833,66.2,77,1,3.44,clear sky
352,Ambon,ID,-3.6954,128.1814,77.0,88,40,5.75,scattered clouds
353,Pangnirtung,CA,66.1451,-65.7125,0.37,96,100,2.21,overcast clouds
354,Te Anau,NZ,-45.4167,167.7167,59.9,83,91,4.38,overcast clouds
355,Ancud,CL,-41.8697,-73.8203,68.0,60,0,14.97,clear sky
356,Havre-Saint-Pierre,CA,50.2334,-63.5986,28.4,69,90,11.5,overcast clouds
357,North Bend,US,43.4065,-124.2243,51.01,87,90,13.8,mist
358,Cabo San Lucas,MX,22.8909,-109.9124,75.99,27,40,11.5,scattered clouds
359,Gasa,PS,31.5,34.4667,54.0,76,0,2.3,clear sky
360,Klyuchi,RU,52.2667,79.1667,26.78,92,93,13.02,overcast clouds
361,Hammonton,US,39.6365,-74.8024,70.0,80,100,1.99,overcast clouds
362,Cayenne,GF,4.9333,-52.3333,81.0,78,75,8.05,broken clouds
363,Saint-Augustin,CA,51.226,-58.6502,8.11,81,29,3.98,scattered clouds
364,Mahajanga,MG,-15.7167,46.3167,78.8,78,20,4.61,few clouds
365,Qaqortoq,GL,60.7167,-46.0333,21.2,63,0,5.75,clear sky
366,Hofn,IS,64.2539,-15.2082,28.2,61,33,8.68,scattered clouds
367,Kachug,RU,53.9606,105.8817,12.7,97,95,0.89,overcast clouds
368,Kruisfontein,ZA,-34.0033,24.7314,62.01,75,92,1.99,overcast clouds
369,Luderitz,NA,-26.6481,15.1594,61.84,83,0,3.67,clear sky
370,Jaumave,MX,23.4167,-99.3833,71.01,45,90,16.11,overcast clouds
371,Hasaki,JP,35.7333,140.8333,60.01,100,75,2.3,broken clouds
372,Hambantota,LK,6.1241,81.1185,73.4,100,90,3.44,overcast clouds
373,Hervey Bay,AU,-25.2986,152.8535,73.0,80,100,1.01,overcast clouds
374,Mount Gambier,AU,-37.8333,140.7667,59.0,94,90,2.8,overcast clouds
375,Tarko-Sale,RU,64.9225,77.785,-6.48,99,62,10.98,broken clouds
376,Alofi,NU,-19.0595,-169.9187,84.2,79,5,13.8,light rain
377,Aripuana,BR,-9.1667,-60.6333,74.03,96,76,1.1,broken clouds
378,Ambanja,MG,-13.6833,48.45,75.74,92,91,2.39,overcast clouds
379,Nemuro,JP,43.3236,145.575,42.42,96,100,35.28,overcast clouds
380,Oranjestad,AW,12.524,-70.027,82.4,69,20,25.32,few clouds
381,Petropavlovka,RU,50.6114,105.3196,25.45,81,67,1.41,broken clouds
382,Rajanpur,PK,29.1035,70.325,81.7,24,27,12.66,scattered clouds
383,La Asuncion,VE,11.0333,-63.8628,76.46,85,29,15.84,scattered clouds
384,Kieta,PG,-6.2167,155.6333,82.78,75,82,3.76,light rain
385,Kamina,CD,-8.7386,24.9906,63.84,94,100,0.67,light rain
386,Wattegama,LK,6.7989,81.4808,73.4,100,90,3.44,overcast clouds
387,Sept-Iles,CA,50.2001,-66.3821,28.99,93,90,18.41,snow
388,Garoua Boulai,CM,5.8833,14.55,73.06,60,88,4.5,overcast clouds
389,Nova Olimpia,BR,-14.7972,-57.2881,76.95,79,20,3.71,few clouds
390,Maniitsoq,GL,65.4167,-52.9,1.83,63,23,8.1,few clouds
391,Copiapo,CL,-27.3667,-70.3333,62.6,67,20,11.5,few clouds
392,Shelburne,CA,44.0787,-80.2041,39.0,97,99,24.49,light snow
393,Smithers,CA,54.7804,-127.1743,32.0,74,90,14.97,overcast clouds
394,Issoire,FR,45.55,3.25,42.8,70,0,3.44,clear sky
395,Kailua,US,21.4022,-157.7394,80.6,47,75,17.27,broken clouds
396,La Grande,US,45.3246,-118.0877,68.0,25,79,1.99,broken clouds
397,Bosaso,SO,11.2842,49.1816,78.26,60,4,3.51,clear sky
398,Nizhnyaya Omka,RU,55.4338,74.9426,27.59,98,100,1.97,light snow
399,Puerto Del Rosario,ES,28.5004,-13.8627,66.2,72,0,6.91,clear sky
400,Nome,US,64.5011,-165.4064,18.0,86,90,33.38,heavy snow
401,Malmo,SE,55.6059,13.0007,46.4,93,75,18.41,broken clouds
402,Ibra,OM,22.6906,58.5334,76.37,30,68,2.17,broken clouds
403,Kavieng,PG,-2.5744,150.7967,84.67,70,92,13.96,light rain
404,Sao Felix Do Xingu,BR,-6.6447,-51.995,73.47,92,66,2.28,broken clouds
405,Loikaw,MM,19.6742,97.2094,67.75,37,61,3.11,broken clouds
406,Ulaanbaatar,MN,47.9077,106.8832,12.2,79,0,5.39,clear sky
407,Iqaluit,CA,63.7506,-68.5145,14.0,73,90,12.66,light snow
408,Sarangani,PH,5.4033,125.4636,80.74,76,99,2.26,overcast clouds
409,Bandarbeyla,SO,9.4942,50.8122,76.64,73,26,4.36,scattered clouds
410,Samut Prakan,TH,13.5,100.45,84.2,84,40,8.05,scattered clouds
411,Saveh,IR,35.0213,50.3566,46.26,36,0,1.54,clear sky
412,Sakakah,SA,29.9697,40.2064,53.6,22,0,6.91,clear sky
413,Snasa,NO,64.2457,12.3778,35.67,98,100,3.18,light rain
414,Ugoofaaru,MV,5.6667,73.0,83.55,72,72,12.77,broken clouds
415,Palmer,US,42.1584,-72.3287,54.0,100,90,9.22,mist
416,Kudahuvadhoo,MV,2.6708,72.8944,79.25,82,100,5.84,heavy intensity rain
417,Tavricheskoye,RU,54.5851,73.6395,26.6,86,75,13.42,light snow
418,Khani,GE,41.9563,42.9566,33.8,86,0,3.44,clear sky
419,Humboldt,US,40.6665,-123.9178,57.0,87,1,14.97,clear sky
420,Honningsvag,NO,70.9821,25.9704,34.02,71,83,11.07,broken clouds
421,Hamilton,US,39.1834,-84.5333,46.4,49,90,14.97,overcast clouds
422,Tomatlan,MX,19.9333,-105.25,83.26,39,38,7.45,scattered clouds
423,Broome,US,42.2506,-75.833,51.01,87,90,16.11,overcast clouds
424,Gazanjyk,TM,39.2446,55.5154,43.86,74,5,3.58,clear sky
425,Bystryy Istok,RU,52.371,84.3873,33.8,98,100,10.83,light snow
426,Kalabo,ZM,-14.97,22.6814,67.35,78,75,3.96,broken clouds
427,Pontianak,ID,-0.0333,109.3333,75.2,100,75,2.57,moderate rain
428,Shagonar,RU,51.5333,92.8,27.73,79,100,3.06,overcast clouds
429,Jinchang,CN,38.4953,102.1739,39.42,39,17,1.48,few clouds
430,Chokurdakh,RU,70.6333,147.9167,-6.99,99,98,5.21,overcast clouds
431,Ken Caryl,US,39.5773,-105.1169,66.99,16,45,1.01,scattered clouds
432,Taltal,CL,-25.4,-70.4833,64.83,75,22,3.38,few clouds
433,Chara,RU,56.9064,118.2631,9.93,82,76,1.7,broken clouds
434,Coulommiers,FR,48.8145,3.085,48.99,62,99,1.01,overcast clouds
435,Monterey,US,36.2505,-121.2516,82.99,21,0,1.01,clear sky
436,Antoniny,UA,49.8097,26.8771,35.42,83,95,14.56,overcast clouds
437,Manitowoc,US,44.0667,-87.8001,37.0,64,90,13.8,overcast clouds
438,Waingapu,ID,-9.6567,120.2641,80.29,85,100,6.89,overcast clouds
439,Sorland,NO,67.667,12.6934,38.82,92,100,26.66,overcast clouds
440,Camocim,BR,-2.9022,-40.8411,76.95,84,16,5.86,few clouds
441,Kattivakkam,IN,13.2167,80.3167,80.6,89,40,3.44,mist
442,Bara,NG,10.3744,10.7288,79.61,17,0,14.18,clear sky
443,Kabanjahe,ID,3.1001,98.4908,77.0,100,75,3.44,broken clouds
444,Taoudenni,ML,22.6783,-3.9836,80.55,6,100,12.35,overcast clouds
445,Chute-Aux-Outardes,CA,49.1168,-68.399,28.4,100,90,20.71,snow
446,Akureyri,IS,65.6835,-18.0878,32.0,64,90,16.11,light snow
447,Zaysan,KZ,47.4667,84.8667,35.6,89,93,4.68,overcast clouds
448,Inhambane,MZ,-23.865,35.3833,71.47,82,3,11.77,light rain
449,Pangoa,PE,-12.1167,-73.0,69.73,98,79,2.64,broken clouds
450,Coxim,BR,-18.5067,-54.76,80.2,38,3,4.52,clear sky
451,Sumbe,AO,-11.2061,13.8437,77.0,82,12,4.16,few clouds
452,Suoyarvi,RU,62.0833,32.35,35.73,98,99,7.07,light rain
453,Bathsheba,BB,13.2167,-59.5167,77.0,69,40,20.71,scattered clouds
454,Krasnoselkup,RU,65.7,82.4667,-7.83,98,11,10.25,few clouds
455,Merrill,US,45.1805,-89.6835,37.4,44,75,10.36,broken clouds
456,Prainha,BR,-1.8,-53.48,77.38,80,62,3.29,broken clouds
457,Korla,CN,41.7597,86.1469,55.65,41,100,7.25,overcast clouds
458,Buenos Aires,AR,-34.6132,-58.3772,72.0,73,40,4.61,scattered clouds
459,Paptalaya,HN,15.5,-84.3167,84.2,74,40,11.5,scattered clouds
460,Corralillo,CU,22.9819,-80.5856,78.8,71,0,18.25,clear sky
461,Nargana,PA,9.4428,-78.5906,79.57,83,50,15.61,scattered clouds
462,Guerrero Negro,MX,27.9769,-114.0611,80.2,24,16,13.24,few clouds
463,Mount Isa,AU,-20.7333,139.5,75.2,31,2,11.5,clear sky
464,Road Town,VG,18.4167,-64.6167,79.0,83,40,17.27,scattered clouds
465,Odweyne,SO,9.4092,45.064,71.49,37,26,4.27,scattered clouds
466,Ekhabi,RU,53.5102,142.9671,29.77,88,100,10.31,overcast clouds
467,Portland,US,45.5234,-122.6762,50.0,71,90,19.57,light rain
468,Akdepe,TM,42.0551,59.3788,42.8,65,0,6.91,clear sky
469,Tura,IN,25.5198,90.2201,71.87,23,0,5.28,clear sky
470,Mahibadhoo,MV,3.7833,72.9667,82.24,73,99,8.95,overcast clouds
471,Mandalgovi,MN,45.7625,106.2708,28.67,32,0,7.36,clear sky
472,Moose Factory,CA,51.2585,-80.6094,23.0,68,75,20.71,broken clouds
473,Laguna,US,38.421,-121.4238,81.0,25,1,6.91,clear sky
474,Sholapur,IN,17.6833,75.9167,83.41,15,24,3.51,few clouds
475,Chifeng,CN,42.2683,118.9636,37.49,25,0,15.79,clear sky
476,Candelaria,PH,13.9311,121.4233,77.86,86,98,3.94,overcast clouds
477,Talaya,RU,61.3833,152.75,-0.09,86,89,0.49,overcast clouds
478,Hwange,ZW,-18.3693,26.5019,68.18,58,10,5.21,clear sky
479,Ponta Do Sol,PT,32.6667,-17.1,62.6,77,20,13.8,few clouds
480,Tchibanga,GA,-2.85,11.0333,71.2,97,100,3.78,light rain
481,Nioro,GM,13.35,-15.75,78.6,33,3,7.99,clear sky
482,Jork,DE,53.5333,9.6833,50.0,76,90,10.36,overcast clouds
483,Jiuquan,CN,39.7432,98.5174,41.85,54,35,3.2,scattered clouds
484,Songjianghe,CN,42.1859,127.479,33.03,69,19,11.72,few clouds
485,Upington,ZA,-28.4478,21.2561,60.8,55,0,2.3,clear sky
486,Srednekolymsk,RU,67.45,153.6833,-0.47,93,100,4.88,overcast clouds
487,Barsovo,RU,61.1667,73.1667,5.0,85,0,8.95,clear sky
488,Ucluelet,CA,48.9329,-125.5528,46.99,76,40,31.07,scattered clouds
489,Tual,ID,-5.6667,132.75,82.29,78,100,12.06,overcast clouds
490,Markapur,IN,15.7333,79.2833,75.58,67,21,2.04,few clouds
491,Maraa,BR,-1.8333,-65.3667,75.06,96,50,1.59,scattered clouds
492,Autun,FR,46.95,4.3,46.99,81,0,3.44,clear sky
493,Kahului,US,20.8947,-156.47,78.8,57,40,21.85,scattered clouds
494,Marzuq,YE,14.4,46.4667,64.26,30,1,5.3,clear sky
495,Belyy Yar,RU,53.6039,91.3903,28.4,93,99,4.47,mist
496,Chegdomyn,RU,51.1167,133.0167,30.29,80,100,2.51,overcast clouds
497,Shimoda,JP,34.6667,138.95,63.0,98,62,1.01,broken clouds
498,Gimli,CA,50.6336,-96.9907,35.6,55,100,16.11,overcast clouds
499,Ouesso,CG,1.6136,16.0517,72.14,83,49,1.25,light rain
500,Talara,PE,-4.5772,-81.2719,72.54,76,73,9.08,broken clouds
501,Sao Gabriel Da Cachoeira,BR,-0.1303,-67.0892,74.3,94,100,2.66,overcast clouds
502,Salekhard,RU,66.53,66.6019,-16.2,99,48,2.24,scattered clouds
503,Tigzirt,DZ,36.8886,4.1198,60.71,61,94,10.47,overcast clouds
504,Kirovskiy,RU,45.0917,133.5136,36.81,98,100,5.44,overcast clouds
505,Marawi,PH,7.9986,124.2928,75.0,92,97,5.01,overcast clouds
506,Gambela,ET,8.25,34.5833,80.98,50,76,1.88,broken clouds
507,Malakal,SS,9.5334,31.6605,83.64,16,0,11.12,clear sky
508,Cochrane,CA,51.1834,-114.4687,51.01,37,75,26.46,broken clouds
509,Barinas,VE,8.6226,-70.2075,83.41,53,57,4.18,broken clouds
510,Bilma,NE,18.6853,12.9164,70.23,15,0,5.46,clear sky
511,Birjand,IR,32.8663,59.2211,46.4,29,0,4.61,clear sky
512,Katangli,RU,51.7102,143.2326,28.85,97,100,11.9,overcast clouds
513,Pinhao,BR,-25.6956,-51.6597,62.28,97,10,1.88,clear sky
514,Mimongo,GA,-1.6195,11.6068,69.71,98,100,3.42,light rain
515,Kismayo,SO,-0.3582,42.5454,79.9,78,100,12.19,overcast clouds
516,Brae,GB,60.3964,-1.353,46.4,93,90,23.02,overcast clouds
517,Kavaratti,IN,10.5669,72.642,83.08,71,100,2.68,overcast clouds
518,Lorengau,PG,-2.0226,147.2712,83.14,78,100,9.78,overcast clouds
519,Tabas,IR,33.5959,56.9244,52.3,29,0,5.14,clear sky
520,Acajutla,SV,13.5928,-89.8275,82.99,64,8,3.0,clear sky
521,Passage West,IE,51.8739,-8.3444,52.0,93,90,28.77,overcast clouds
522,Sao Joao Da Barra,BR,-21.6403,-41.0511,80.6,83,0,4.61,clear sky
523,Kloulklubed,PW,7.0419,134.2556,78.8,89,90,4.61,overcast clouds
524,Yarmouth,US,41.7057,-70.2286,55.4,100,90,18.41,fog
525,Isla Mujeres,MX,21.2311,-86.731,84.2,70,75,12.66,broken clouds
526,Port Lincoln,AU,-34.7333,135.8667,64.6,74,2,9.19,clear sky
527,Langsa,ID,4.4683,97.9683,73.63,95,79,1.92,light rain
528,Tazovskiy,RU,67.4667,78.7,-14.17,99,36,8.48,scattered clouds
529,Antofagasta,CL,-23.65,-70.4,64.4,72,0,10.36,clear sky
530,Mwinilunga,ZM,-11.7358,24.4293,60.12,97,94,2.82,overcast clouds
531,Port-Cartier,CA,50.0334,-66.8654,28.99,93,90,18.41,snow
532,Mandera,KE,3.9366,41.867,82.72,58,71,19.95,broken clouds
533,Ginir,ET,7.1333,40.7,61.09,38,99,5.64,overcast clouds
534,Verkhnyaya Inta,RU,65.9811,60.3094,-1.08,99,65,4.34,broken clouds
535,Barra Da Estiva,BR,-13.6261,-41.3269,70.75,34,1,2.93,clear sky
536,Appleton,US,44.2619,-88.4154,37.99,35,75,24.16,broken clouds
537,Praya,CV,14.9215,-23.5087,68.0,77,75,24.16,broken clouds
538,Bowen,AU,-20.0167,148.2333,77.0,78,41,9.22,scattered clouds
539,Requena,ES,39.4883,-1.1004,54.0,84,20,5.97,few clouds
540,Nizwa,OM,22.9333,57.5333,78.53,17,19,4.05,few clouds
541,Victor Harbor,AU,-35.5667,138.6167,64.0,67,15,3.89,few clouds
542,Port-Gentil,GA,-0.7193,8.7815,80.6,89,20,9.22,moderate rain
543,Lumphat,KH,13.4878,106.9816,76.69,60,21,0.89,few clouds
544,Turayf,SA,31.6725,38.6637,48.2,46,0,8.05,clear sky
545,Seropedica,BR,-22.7439,-43.7075,82.4,74,0,4.61,clear sky
546,Arkhangelsk,RU,64.5401,40.5433,39.2,65,40,4.47,light rain
547,Telde,ES,27.9924,-15.4192,66.2,68,20,3.44,few clouds
548,Abu Dhabi,AE,24.4667,54.3667,73.4,68,0,10.36,clear sky
549,Makakilo City,US,21.3469,-158.0858,80.6,50,1,12.66,clear sky
550,Pachino,IT,36.7186,15.0907,46.4,93,0,3.44,clear sky
551,Lodwar,KE,3.1191,35.5973,85.21,41,93,5.46,overcast clouds
552,Tonantins,BR,-2.8731,-67.8022,74.97,96,82,1.36,light rain
553,Espanola,US,35.9911,-106.0806,61.0,20,1,5.26,clear sky
554,Vieques,PR,18.425,-65.8329,80.6,69,40,16.11,scattered clouds
555,Nyimba,ZM,-14.5566,30.8149,67.53,88,100,5.17,overcast clouds
556,Jega,NG,12.2175,4.3792,78.84,14,0,10.83,clear sky
557,Beboto,TD,8.2668,16.939,82.65,35,64,2.42,broken clouds
558,Fortaleza,BR,-3.7227,-38.5247,84.2,79,20,4.61,few clouds
559,Ostersund,SE,63.1792,14.6357,34.0,93,90,13.8,overcast clouds
560,Anadyr,RU,64.75,177.4833,17.6,79,90,8.95,snow
561,Turukhansk,RU,65.8167,87.9833,-9.78,100,100,2.68,overcast clouds
562,Anjozorobe,MG,-18.4,47.8667,66.2,94,75,3.44,broken clouds
563,Assiniboia,CA,49.6334,-105.9845,60.8,25,89,17.27,overcast clouds
564,Tiruchchendur,IN,8.4833,78.1167,81.66,74,23,5.59,few clouds
565,Jaisalmer,IN,26.9147,70.9181,78.06,37,35,22.64,scattered clouds
566,Kutum,SD,14.2,24.6667,63.41,13,2,13.89,clear sky
567,Nantucket,US,41.2835,-70.0995,51.01,100,100,32.64,overcast clouds
568,Bubaque,GW,11.2833,-15.8333,75.67,73,0,17.6,clear sky
569,Swift Current,CA,50.2834,-107.8014,59.0,31,40,24.16,scattered clouds
570,Lagdo,CM,9.05,13.7333,86.36,17,44,7.92,scattered clouds
571,Sochi,RU,43.6,39.7303,37.4,93,8,8.95,clear sky
572,Zambezi,ZM,-13.5432,23.1047,63.09,94,85,4.43,overcast clouds
573,Kenora,CA,49.8167,-94.4337,35.6,32,75,8.05,broken clouds
574,California City,US,35.1258,-117.9859,80.01,9,1,4.61,clear sky
575,Ha Noi,VN,21.0245,105.8412,73.4,100,75,5.75,mist
576,Fuyu,CN,45.1833,124.8167,41.25,48,22,17.6,light rain
577,San Antonio,US,29.4241,-98.4936,75.99,22,1,8.05,clear sky
578,Fuyang,CN,32.9,115.8167,55.87,88,0,7.0,clear sky
579,Anloga,GH,5.7947,0.8973,82.4,74,20,3.44,few clouds
580,Wapakoneta,US,40.5678,-84.1936,41.0,70,90,16.11,overcast clouds
581,Novorzhev,RU,57.0294,29.3338,35.69,96,98,3.85,overcast clouds
582,Ca Mau,VN,9.1769,105.15,76.15,92,15,3.53,few clouds
583,Lima,PE,-12.0432,-77.0282,73.4,68,0,12.66,clear sky
584,Dhankuta,NP,26.9833,87.3333,56.66,21,0,7.74,clear sky
585,Paita,PE,-5.0892,-81.1144,73.26,73,78,13.49,broken clouds
586,Prince George,CA,53.9166,-122.753,35.01,64,20,3.44,light rain
587,Sterling,US,39.0062,-77.4286,59.0,88,90,8.05,overcast clouds
588,Necochea,AR,-38.5473,-58.7368,61.0,93,20,8.28,few clouds
589,Eganville,CA,45.5334,-77.0994,42.01,100,90,2.3,overcast clouds
590,Loubomo,CG,-4.1997,12.6739,71.6,97,100,2.04,overcast clouds
591,Miri,MY,4.4148,114.0089,77.0,100,40,2.3,scattered clouds
592,Pinsk,BY,52.1229,26.0951,36.25,87,86,7.63,overcast clouds
593,Crixas,BR,-14.5489,-49.9692,75.81,69,85,1.03,overcast clouds
594,Klatovy,CZ,49.3955,13.2951,44.6,65,75,4.88,broken clouds
595,Kajaani,FI,64.2273,27.7285,35.6,80,0,6.91,clear sky
596,Liberty,US,31.8335,-81.5004,84.2,45,1,13.8,clear sky
597,Chepareria,KE,1.3077,35.2039,65.82,60,99,3.15,overcast clouds
598,Talnakh,RU,69.4865,88.3972,-14.22,99,59,4.16,broken clouds
599,Bor,RU,56.3567,44.0669,23.0,79,0,3.4,clear sky
600,Puri,IN,19.8,85.85,78.8,94,40,9.22,mist
601,Ballina,AU,-28.8667,153.5667,71.6,78,3,9.22,clear sky
602,Macaubas,BR,-13.0194,-42.6986,75.06,36,6,3.0,clear sky
603,Kaiyuan,CN,23.6977,103.3037,61.72,45,11,5.06,few clouds
604,Emerald,AU,-23.5333,148.1667,77.0,69,23,9.22,few clouds
605,Navahrudak,BY,53.6,25.8333,33.64,92,58,4.65,broken clouds
606,Le Port,RE,-20.9373,55.2919,77.0,78,20,6.91,few clouds
607,Paamiut,GL,61.994,-49.6678,8.42,77,1,11.56,clear sky
608,Seoul,KR,37.5683,126.9778,48.2,93,75,5.75,dust
609,Kijang,KR,35.2442,129.2139,55.4,76,20,4.61,few clouds
610,Xuddur,SO,4.1213,43.8894,74.32,77,77,18.37,broken clouds
611,Gamba,GA,-2.65,10.0,76.51,91,100,6.11,light rain
612,Yanam,IN,16.7333,82.2167,73.62,93,4,0.89,clear sky
613,Carutapera,BR,-1.195,-46.02,76.1,91,91,5.73,overcast clouds
614,Nan,TH,18.8333,100.6667,76.28,61,31,0.11,scattered clouds
615,Shihezi,CN,44.3,86.0333,48.38,70,100,4.68,overcast clouds
616,Balkanabat,TM,39.5108,54.3671,45.28,61,0,5.3,clear sky
617,Ninotsminda,GE,41.2646,43.5916,19.4,73,47,3.44,scattered clouds
618,Richards Bay,ZA,-28.783,32.0377,66.99,78,81,3.74,broken clouds
619,Louis Trichardt,ZA,-23.0439,29.9032,59.7,88,50,8.43,scattered clouds
620,Ndele,CF,8.4109,20.6473,77.79,21,4,5.46,clear sky
621,Burnie,AU,-41.0667,145.9167,54.88,58,53,11.63,broken clouds
622,Colares,PT,38.7992,-9.4469,64.99,48,0,10.36,clear sky
623,Vao,NC,-22.6667,167.4833,77.63,81,12,14.45,few clouds
624,San Carlos De Bariloche,AR,-41.1456,-71.3082,77.0,13,0,4.61,clear sky
625,Diu,IN,20.7141,70.9822,77.56,53,23,9.35,few clouds
626,Lapua,FI,62.9693,23.0088,37.0,92,67,4.0,light rain
627,Santa Catarina De Tepehuanes,MX,25.35,-105.7333,70.11,13,96,9.53,overcast clouds
628,Chapais,CA,49.7834,-74.8492,30.2,93,90,8.05,snow
629,Tarauaca,BR,-8.1614,-70.7656,75.29,92,88,1.21,overcast clouds
630,Florence,IT,43.7667,11.25,52.0,82,0,5.75,clear sky
631,Ziniare,BF,12.5822,-1.2983,79.79,10,0,9.98,clear sky
632,Springbok,ZA,-29.6643,17.8865,63.63,30,1,3.04,clear sky
633,Castrop-Rauxel,DE,51.55,7.3167,52.0,62,100,11.32,overcast clouds
634,Tilichiki,RU,60.4667,166.1,4.26,80,12,7.76,few clouds
635,Zeya,RU,53.75,127.2667,29.86,86,100,5.79,overcast clouds
636,Tezu,IN,27.9167,96.1667,68.54,23,1,4.36,clear sky
637,Porto Belo,BR,-27.1578,-48.5531,78.8,89,20,5.75,few clouds
638,Sao Jose Da Coroa Grande,BR,-8.8978,-35.1478,78.89,80,88,6.08,overcast clouds
639,Zhob,PK,31.3411,69.4481,66.97,24,1,11.48,clear sky
640,Alberton,CA,46.8168,-64.0654,33.8,75,100,16.11,overcast clouds
641,Iisalmi,FI,63.5592,27.1907,33.8,86,0,12.66,clear sky
642,Patnos,TR,39.2336,42.8634,22.84,66,0,2.44,clear sky
643,Ixtapa,MX,20.7,-105.2,77.0,65,40,13.8,scattered clouds
644,Olafsvik,IS,64.8945,-23.7142,28.6,65,100,13.58,overcast clouds
645,Palitana,IN,21.5167,71.8333,81.66,32,7,7.87,clear sky
646,Praia Da Vitoria,PT,38.7333,-27.0667,60.8,77,40,17.96,scattered clouds
647,Kondinskoye,RU,59.6481,67.41,18.03,96,95,7.16,overcast clouds
648,Kurilsk,RU,45.2333,147.8833,38.59,93,100,21.99,heavy intensity rain
649,Quatre Cocos,MU,-20.2078,57.7625,77.0,88,20,6.91,few clouds
650,Beyneu,KZ,45.3167,55.2,39.85,81,99,7.76,overcast clouds
651,Boende,CD,-0.2167,20.8667,74.17,82,98,1.28,light rain
652,Kiunga,PG,-6.1219,141.2906,73.0,97,100,2.39,overcast clouds
653,Shenjiamen,CN,29.9576,122.298,56.44,88,0,8.99,clear sky
654,Zhicheng,CN,30.2956,111.5047,61.0,91,0,3.4,light rain
655,Parsons,US,37.3403,-95.2611,64.4,29,1,6.4,clear sky
656,Shambu,ET,9.5667,37.1,55.06,69,100,1.45,light rain
657,Omsukchan,RU,62.5333,155.8,5.41,75,92,2.53,overcast clouds
658,Quesnel,CA,52.9999,-122.5029,33.8,69,75,18.41,light rain
659,Mango,US,27.9797,-82.3065,82.4,69,40,11.5,scattered clouds
660,Saint-Louis,SN,16.3333,-15.0,87.8,30,0,4.61,clear sky
661,Imeni Poliny Osipenko,RU,52.4201,136.4853,28.89,93,100,11.59,overcast clouds
662,Hoquiam,US,46.9809,-123.8893,46.4,66,90,31.07,overcast clouds
663,Solnechnyy,RU,50.7214,136.6319,30.52,92,100,6.22,overcast clouds
664,Farafangana,MG,-22.8167,47.8333,75.29,84,1,3.24,clear sky
665,Glendive,US,47.1053,-104.7125,71.6,16,1,14.97,clear sky
666,Tobermory,CA,45.2501,-81.6665,33.8,100,100,32.21,light snow
667,Ust-Kishert,RU,57.3654,57.2495,25.12,95,80,8.57,broken clouds
668,Tapejara,BR,-28.0681,-52.0139,64.54,93,47,3.4,scattered clouds
669,Riyadh,SA,24.6877,46.7219,62.6,20,0,6.91,clear sky
670,General Roca,AR,-39.0333,-67.5833,77.0,31,0,9.48,clear sky
671,Deputatskiy,RU,69.3,139.9,6.31,91,100,3.06,overcast clouds
672,San Quintin,MX,30.4833,-115.95,69.67,38,0,12.86,clear sky
673,Terrace,CA,54.5163,-128.6035,41.0,48,75,11.5,light snow
